{
	"Mercury": 0.2408467,
	"Venus": 0.61519726,
	"Earth": 1,
	"Mars": 1.8808158,
	"Jupiter": 11.862615,
	"Saturn": 29.447498,
	"Uranus": 84.016846,
	"Neptune": 164.79132,
	"Or":180.34343,
	"Any":190.12345,
	"Other":221.54321,
	"Planet":424.24242
}